{"cameraMode":{"drawMode":0,"name":"Shaded","section":"Shading Mode"},"sceneLighting":false,"audioPlay":false,"sceneViewState":{"m_AlwaysRefresh":false,"showFog":true,"showSkybox":false,"showFlares":true,"showImageEffects":true,"showParticleSystems":true,"showVisualEffectGraphs":true,"m_FxEnabled":true},"in2DMode":false,"pivot":{"x":0.6649167537689209,"y":2.0915966033935549,"z":10.210258483886719},"rotation":{"x":0.014077555388212204,"y":0.9460034370422363,"z":-0.32118886709213259,"w":0.041462305933237079},"size":10.889533042907715,"orthographic":false}