{"cameraMode":{"drawMode":0,"name":"Shaded","section":"Shading Mode"},"sceneLighting":false,"audioPlay":false,"sceneViewState":{"m_AlwaysRefresh":false,"showFog":true,"showSkybox":false,"showFlares":true,"showImageEffects":true,"showParticleSystems":true,"showVisualEffectGraphs":true,"m_FxEnabled":true},"in2DMode":false,"pivot":{"x":7.853463649749756,"y":-25.822227478027345,"z":-34.90381622314453},"rotation":{"x":0.004952193703502417,"y":0.8928696513175964,"z":-0.45018279552459719,"w":0.009821943938732148},"size":122.69376373291016,"orthographic":false}